user,tour,liked
65b9fa757a470e92287f3889,65ba0f8acfbe79273d91e0dc,1
65b7b14633a170fdfacb6683,65ba0f8acfbe79273d91e0dc,1
65b7b14633a170fdfacb6683,65cc76cf4da78f7cdfcc4f5b,1
65bb108c8c4d4a714df1aaf4,65ba0f8acfbe79273d91e0dc,1
65bb108c8c4d4a714df1aaf4,65cc76cf4da78f7cdfcc4f5b,1
65bb108c8c4d4a714df1aaf4,65ccf12fd3f9970b03f54e2f,1
65d2c708254e5126383f0a7f,65cc76cf4da78f7cdfcc4f5b,1
65b7b14633a170fdfacb6683,65cc798ee1151b941e7659bb,1
65b7b14633a170fdfacb6683,65ccf12fd3f9970b03f54e2f,1
65b9fa757a470e92287f3889,65ccf12fd3f9970b03f54e2f,1
65bb108c8c4d4a714df1aaf4,65db0c5c0b1aa37831a6b7b1,1
65bb108c8c4d4a714df1aaf4,65db0c670b1aa37831a6b7ed,1
65bb108c8c4d4a714df1aaf4,65db0c690b1aa37831a6b7fb,1
65df78f0436815dc27fb00db,65db0bcc0b1aa37831a6b46d,1
65df78f0436815dc27fb00db,65db0c690b1aa37831a6b7fb,1
65df78f0436815dc27fb00db,65db0c680b1aa37831a6b7f7,1
65df78f0436815dc27fb00db,65db0c690b1aa37831a6b7f9,1
65df78f0436815dc27fb00db,65db0c670b1aa37831a6b7ef,1
65df78f0436815dc27fb00db,65db0c670b1aa37831a6b7ed,1
65df797f436815dc27fb016f,65db0c630b1aa37831a6b7d7,1
65df797f436815dc27fb016f,65db0c620b1aa37831a6b7d5,1
65df797f436815dc27fb016f,65db0c5c0b1aa37831a6b7b1,1
65df8106436815dc27fb0312,65db0c5a0b1aa37831a6b7a5,1
65df8106436815dc27fb0312,65db0c590b1aa37831a6b7a1,1
65df8106436815dc27fb0312,65db0c590b1aa37831a6b79f,1
65df8106436815dc27fb0312,65db0c590b1aa37831a6b79d,1
65df8106436815dc27fb0312,65db0c570b1aa37831a6b791,1
65df8106436815dc27fb0312,65db0c540b1aa37831a6b77f,1
65df818a436815dc27fb03af,65db0bde0b1aa37831a6b4d5,1
65df818a436815dc27fb03af,65db0be70b1aa37831a6b50b,1
65df818a436815dc27fb03af,65db0be90b1aa37831a6b513,1
65df818a436815dc27fb03af,65db0be90b1aa37831a6b517,1
65df818a436815dc27fb03af,65db0be90b1aa37831a6b515,1
65df8277436815dc27fb0497,65db0be40b1aa37831a6b4f9,1
65df8277436815dc27fb0497,65db0c690b1aa37831a6b7fb,1
65df8277436815dc27fb0497,65db0c670b1aa37831a6b7f1,1
65df8277436815dc27fb0497,65db0c690b1aa37831a6b7f9,1
65df8277436815dc27fb0497,65db0c670b1aa37831a6b7ef,1
65df8277436815dc27fb0497,65db0c680b1aa37831a6b7f7,1
65df8277436815dc27fb0497,65db0c680b1aa37831a6b7f3,1
65df8277436815dc27fb0497,65db0be10b1aa37831a6b4e7,1
65df8277436815dc27fb0497,65db0c500b1aa37831a6b769,1
65df8770436815dc27fb06af,65db0c690b1aa37831a6b7fb,1
65df8770436815dc27fb06af,65db0bdb0b1aa37831a6b4c3,1
65df8770436815dc27fb06af,65db0bdb0b1aa37831a6b4c5,1
65df8770436815dc27fb06af,65db0bde0b1aa37831a6b4d7,1
65df8770436815dc27fb06af,65db0c640b1aa37831a6b7dd,1
65df8770436815dc27fb06af,65db0c630b1aa37831a6b7db,1
65df8770436815dc27fb06af,65db0c630b1aa37831a6b7d9,1
65df8770436815dc27fb06af,65db0c670b1aa37831a6b7f1,1
65df8770436815dc27fb06af,65db0be70b1aa37831a6b50b,1
65df8888436815dc27fb078a,65db0c660b1aa37831a6b7eb,1
65df8888436815dc27fb078a,65db0c670b1aa37831a6b7ef,1
65df8888436815dc27fb078a,65db0c670b1aa37831a6b7ed,1
65df8888436815dc27fb078a,65db0c680b1aa37831a6b7f5,1
65df8888436815dc27fb078a,65db0c1f0b1aa37831a6b64f,1
65df8888436815dc27fb078a,65db0c1f0b1aa37831a6b651,1
65df8888436815dc27fb078a,65db0c200b1aa37831a6b653,1
65df8888436815dc27fb078a,65db0c370b1aa37831a6b6d9,1
65df8888436815dc27fb078a,65db0c360b1aa37831a6b6d5,1
65df8903436815dc27fb085f,65db0c510b1aa37831a6b76f,1
65df8903436815dc27fb085f,65db0c500b1aa37831a6b76d,1
65df8903436815dc27fb085f,65db0c510b1aa37831a6b771,1
65df8903436815dc27fb085f,65db0c510b1aa37831a6b773,1
65df8903436815dc27fb085f,65db0c520b1aa37831a6b777,1
65df8903436815dc27fb085f,65db0c530b1aa37831a6b779,1
65df8903436815dc27fb085f,65db0c530b1aa37831a6b77b,1
65df8903436815dc27fb085f,65db0c530b1aa37831a6b77d,1
65df8966436815dc27fb091d,65db0c4d0b1aa37831a6b759,1
65df8966436815dc27fb091d,65db0c4d0b1aa37831a6b757,1
65df8966436815dc27fb091d,65db0c4c0b1aa37831a6b755,1
65df8966436815dc27fb091d,65db0c4c0b1aa37831a6b753,1
65df8966436815dc27fb091d,65db0c4c0b1aa37831a6b751,1
65df8966436815dc27fb091d,65db0c4b0b1aa37831a6b74f,1
65df8966436815dc27fb091d,65db0c4b0b1aa37831a6b74d,1
65df8966436815dc27fb091d,65db0c4b0b1aa37831a6b74b,1
65df8966436815dc27fb091d,65db0c4a0b1aa37831a6b749,1
65df89be436815dc27fb09e9,65db0c4d0b1aa37831a6b759,1
65df89be436815dc27fb09e9,65db0c4d0b1aa37831a6b757,1
65df89be436815dc27fb09e9,65db0c4c0b1aa37831a6b755,1
65df89be436815dc27fb09e9,65db0c4c0b1aa37831a6b753,1
65df89be436815dc27fb09e9,65db0c4c0b1aa37831a6b751,1
65df89be436815dc27fb09e9,65db0c4b0b1aa37831a6b74f,1
65df89be436815dc27fb09e9,65db0c4b0b1aa37831a6b74d,1
65df89be436815dc27fb09e9,65db0c4b0b1aa37831a6b74b,1
65df89be436815dc27fb09e9,65db0c4a0b1aa37831a6b749,1
65df8a1f436815dc27fb0aa5,65db0c470b1aa37831a6b735,1
65df8a1f436815dc27fb0aa5,65db0c460b1aa37831a6b733,1
65df8a1f436815dc27fb0aa5,65db0c460b1aa37831a6b731,1
65df8a1f436815dc27fb0aa5,65db0c460b1aa37831a6b72f,1
65df8a1f436815dc27fb0aa5,65db0c450b1aa37831a6b72d,1
65df8a1f436815dc27fb0aa5,65db0c450b1aa37831a6b72b,1
65df8a1f436815dc27fb0aa5,65db0c450b1aa37831a6b729,1
65df8a1f436815dc27fb0aa5,65db0c440b1aa37831a6b727,1
65df8a1f436815dc27fb0aa5,65db0c440b1aa37831a6b725,1
65df8b88436815dc27fb0bc4,65db0c440b1aa37831a6b723,1
65df8b88436815dc27fb0bc4,65db0c430b1aa37831a6b721,1
65df8b88436815dc27fb0bc4,65db0c430b1aa37831a6b71f,1
65df8b88436815dc27fb0bc4,65db0c430b1aa37831a6b71d,1
65df8b88436815dc27fb0bc4,65db0c420b1aa37831a6b71b,1
65df8b88436815dc27fb0bc4,65db0c420b1aa37831a6b719,1
65df8b88436815dc27fb0bc4,65db0c420b1aa37831a6b717,1
65df8b88436815dc27fb0bc4,65db0c410b1aa37831a6b715,1
65df8b88436815dc27fb0bc4,65db0c410b1aa37831a6b713,1
65df8be2436815dc27fb0c8c,65db0c400b1aa37831a6b711,1
65df8be2436815dc27fb0c8c,65db0c400b1aa37831a6b70f,1
65df8be2436815dc27fb0c8c,65db0c400b1aa37831a6b70d,1
65df8be2436815dc27fb0c8c,65db0c3f0b1aa37831a6b70b,1
65df8be2436815dc27fb0c8c,65db0c3f0b1aa37831a6b709,1
65df8be2436815dc27fb0c8c,65db0c3f0b1aa37831a6b707,1
65df8be2436815dc27fb0c8c,65db0c3e0b1aa37831a6b705,1
65df8be2436815dc27fb0c8c,65db0c3e0b1aa37831a6b703,1
65df8be2436815dc27fb0c8c,65db0c3e0b1aa37831a6b701,1
65df8be2436815dc27fb0c8c,65db0c3c0b1aa37831a6b6f9,1
65df8be2436815dc27fb0c8c,65db0c3c0b1aa37831a6b6f7,1
65df8be2436815dc27fb0c8c,65db0c3c0b1aa37831a6b6f5,1
65df8be2436815dc27fb0c8c,65db0c3d0b1aa37831a6b6fb,1
65df8be2436815dc27fb0c8c,65db0c3d0b1aa37831a6b6fd,1
65df8be2436815dc27fb0c8c,65db0c3d0b1aa37831a6b6ff,1
65df8c69436815dc27fb0dd8,65db0c3a0b1aa37831a6b6ed,1
65df8c69436815dc27fb0dd8,65db0c3a0b1aa37831a6b6eb,1
65df8c69436815dc27fb0dd8,65db0c3a0b1aa37831a6b6e9,1
65df8c69436815dc27fb0dd8,65db0c390b1aa37831a6b6e7,1
65df8c69436815dc27fb0dd8,65db0c390b1aa37831a6b6e5,1
65df8c69436815dc27fb0dd8,65db0c380b1aa37831a6b6e3,1
65df8c69436815dc27fb0dd8,65db0c380b1aa37831a6b6e1,1
65df8c69436815dc27fb0dd8,65db0c380b1aa37831a6b6df,1
65df8c69436815dc27fb0dd8,65db0c370b1aa37831a6b6dd,1
65df8ccf436815dc27fb0ea8,65db0c370b1aa37831a6b6db,1
65df8ccf436815dc27fb0ea8,65db0c370b1aa37831a6b6d9,1
65df8ccf436815dc27fb0ea8,65db0c360b1aa37831a6b6d7,1
65df8ccf436815dc27fb0ea8,65db0c360b1aa37831a6b6d5,1
65df8ccf436815dc27fb0ea8,65db0c360b1aa37831a6b6d3,1
65df8ccf436815dc27fb0ea8,65db0c350b1aa37831a6b6d1,1
65df8ccf436815dc27fb0ea8,65db0c350b1aa37831a6b6cf,1
65df8ccf436815dc27fb0ea8,65db0c350b1aa37831a6b6cd,1
65df8ccf436815dc27fb0ea8,65db0c340b1aa37831a6b6cb,1
65df8d42436815dc27fb0f9d,65db0c340b1aa37831a6b6c9,1
65df8d42436815dc27fb0f9d,65db0c340b1aa37831a6b6c7,1
65df8d42436815dc27fb0f9d,65db0c330b1aa37831a6b6c5,1
65df8d42436815dc27fb0f9d,65db0c330b1aa37831a6b6c3,1
65df8d42436815dc27fb0f9d,65db0c330b1aa37831a6b6c1,1
65df8d42436815dc27fb0f9d,65db0c320b1aa37831a6b6bf,1
65df8d42436815dc27fb0f9d,65db0c320b1aa37831a6b6bd,1
65df8d42436815dc27fb0f9d,65db0c320b1aa37831a6b6bb,1
65df8d42436815dc27fb0f9d,65db0c310b1aa37831a6b6b9,1
65df8db4436815dc27fb107e,65db0c310b1aa37831a6b6b7,1
65df8db4436815dc27fb107e,65db0c310b1aa37831a6b6b5,1
65df8db4436815dc27fb107e,65db0c300b1aa37831a6b6b3,1
65df8db4436815dc27fb107e,65db0c300b1aa37831a6b6b1,1
65df8db4436815dc27fb107e,65db0c300b1aa37831a6b6af,1
65df8db4436815dc27fb107e,65db0c2f0b1aa37831a6b6ad,1
65df8db4436815dc27fb107e,65db0c2f0b1aa37831a6b6ab,1
65df8db4436815dc27fb107e,65db0c2f0b1aa37831a6b6a9,1
65df8db4436815dc27fb107e,65db0c2e0b1aa37831a6b6a7,1
65df8e10436815dc27fb1144,65db0c2e0b1aa37831a6b6a5,1
65df8e10436815dc27fb1144,65db0c2d0b1aa37831a6b6a3,1
65df8e10436815dc27fb1144,65db0c2d0b1aa37831a6b6a1,1
65df8e10436815dc27fb1144,65db0c2d0b1aa37831a6b69f,1
65df8e10436815dc27fb1144,65db0c2c0b1aa37831a6b69d,1
65df8e10436815dc27fb1144,65db0c2c0b1aa37831a6b69b,1
65df8e10436815dc27fb1144,65db0c2c0b1aa37831a6b699,1
65df8e10436815dc27fb1144,65db0c2b0b1aa37831a6b697,1
65df8e10436815dc27fb1144,65db0c2b0b1aa37831a6b695,1
65df8e6b436815dc27fb120d,65db0c2b0b1aa37831a6b693,1
65df8e6b436815dc27fb120d,65db0c2a0b1aa37831a6b691,1
65df8e6b436815dc27fb120d,65db0c2a0b1aa37831a6b68f,1
65df8e6b436815dc27fb120d,65db0c2a0b1aa37831a6b68d,1
65df8e6b436815dc27fb120d,65db0c290b1aa37831a6b68b,1
65df8e6b436815dc27fb120d,65db0c290b1aa37831a6b689,1
65df8e6b436815dc27fb120d,65db0c290b1aa37831a6b687,1
65df8e6b436815dc27fb120d,65db0c280b1aa37831a6b685,1
65df8e6b436815dc27fb120d,65db0c280b1aa37831a6b683,1
65df8ec1436815dc27fb12d3,65db0c280b1aa37831a6b681,1
65df8ec1436815dc27fb12d3,65db0c270b1aa37831a6b67f,1
65df8ec1436815dc27fb12d3,65db0c270b1aa37831a6b67d,1
65df8ec1436815dc27fb12d3,65db0c270b1aa37831a6b67b,1
65df8ec1436815dc27fb12d3,65db0c260b1aa37831a6b679,1
65df8ec1436815dc27fb12d3,65db0c260b1aa37831a6b677,1
65df8ec1436815dc27fb12d3,65db0c260b1aa37831a6b675,1
65df8ec1436815dc27fb12d3,65db0c250b1aa37831a6b673,1
65df8ec1436815dc27fb12d3,65db0c250b1aa37831a6b671,1
65df8f21436815dc27fb1399,65db0c250b1aa37831a6b66f,1
65df8f21436815dc27fb1399,65db0c240b1aa37831a6b66d,1
65df8f21436815dc27fb1399,65db0c240b1aa37831a6b66b,1
65df8f21436815dc27fb1399,65db0c240b1aa37831a6b669,1
65df8f21436815dc27fb1399,65db0c230b1aa37831a6b667,1
65df8f21436815dc27fb1399,65db0c230b1aa37831a6b665,1
65df8f21436815dc27fb1399,65db0c220b1aa37831a6b663,1
65df8f21436815dc27fb1399,65db0c220b1aa37831a6b661,1
65df8f21436815dc27fb1399,65db0c220b1aa37831a6b65f,1
65df8f73436815dc27fb1461,65db0c210b1aa37831a6b65d,1
65df8f73436815dc27fb1461,65db0c210b1aa37831a6b65b,1
65df8f73436815dc27fb1461,65db0c210b1aa37831a6b659,1
65df8f73436815dc27fb1461,65db0c200b1aa37831a6b657,1
65df8f73436815dc27fb1461,65db0c200b1aa37831a6b655,1
65df8f73436815dc27fb1461,65db0c200b1aa37831a6b653,1
65df8f73436815dc27fb1461,65db0c1f0b1aa37831a6b651,1
65df8f73436815dc27fb1461,65db0c1f0b1aa37831a6b64f,1
65df8f73436815dc27fb1461,65db0c1f0b1aa37831a6b64d,1
65df8fca436815dc27fb1526,65db0c1e0b1aa37831a6b64b,1
65df8fca436815dc27fb1526,65db0c1e0b1aa37831a6b649,1
65df8fca436815dc27fb1526,65db0c1e0b1aa37831a6b647,1
65df8fca436815dc27fb1526,65db0c1d0b1aa37831a6b645,1
65df8fca436815dc27fb1526,65db0c1d0b1aa37831a6b643,1
65df8fca436815dc27fb1526,65db0c1d0b1aa37831a6b641,1
65df8fca436815dc27fb1526,65db0c1c0b1aa37831a6b63f,1
65df8fca436815dc27fb1526,65db0c1c0b1aa37831a6b63d,1
65df8fca436815dc27fb1526,65db0c1c0b1aa37831a6b63b,1
65df902f436815dc27fb15fe,65db0c1b0b1aa37831a6b639,1
65df902f436815dc27fb15fe,65db0c1b0b1aa37831a6b637,1
65df902f436815dc27fb15fe,65db0c1b0b1aa37831a6b635,1
65df902f436815dc27fb15fe,65db0c1a0b1aa37831a6b633,1
65df902f436815dc27fb15fe,65db0c1a0b1aa37831a6b631,1
65df902f436815dc27fb15fe,65db0c190b1aa37831a6b62f,1
65df902f436815dc27fb15fe,65db0c190b1aa37831a6b62d,1
65df902f436815dc27fb15fe,65db0c190b1aa37831a6b62b,1
65df902f436815dc27fb15fe,65db0c180b1aa37831a6b629,1
65df908b436815dc27fb16c6,65db0c180b1aa37831a6b627,1
65df908b436815dc27fb16c6,65db0c180b1aa37831a6b625,1
65df908b436815dc27fb16c6,65db0c170b1aa37831a6b623,1
65df908b436815dc27fb16c6,65db0c170b1aa37831a6b621,1
65df908b436815dc27fb16c6,65db0c170b1aa37831a6b61f,1
65df908b436815dc27fb16c6,65db0c160b1aa37831a6b61d,1
65df908b436815dc27fb16c6,65db0c160b1aa37831a6b61b,1
65df908b436815dc27fb16c6,65db0c160b1aa37831a6b619,1
65df908b436815dc27fb16c6,65db0c150b1aa37831a6b617,1
65df90db436815dc27fb178c,65db0c150b1aa37831a6b615,1
65df90db436815dc27fb178c,65db0c150b1aa37831a6b613,1
65df90db436815dc27fb178c,65db0c140b1aa37831a6b611,1
65df90db436815dc27fb178c,65db0c140b1aa37831a6b60f,1
65df90db436815dc27fb178c,65db0c140b1aa37831a6b60d,1
65df90db436815dc27fb178c,65db0c130b1aa37831a6b60b,1
65df90db436815dc27fb178c,65db0c130b1aa37831a6b609,1
65df90db436815dc27fb178c,65db0c130b1aa37831a6b607,1
65df90db436815dc27fb178c,65db0c120b1aa37831a6b605,1
65df9134436815dc27fb1859,65db0c120b1aa37831a6b603,1
65df9134436815dc27fb1859,65db0c120b1aa37831a6b601,1
65df9134436815dc27fb1859,65db0c110b1aa37831a6b5ff,1
65df9134436815dc27fb1859,65db0c110b1aa37831a6b5fd,1
65df9134436815dc27fb1859,65db0c110b1aa37831a6b5fb,1
65df9134436815dc27fb1859,65db0c100b1aa37831a6b5f9,1
65df9134436815dc27fb1859,65db0c100b1aa37831a6b5f7,1
65df9134436815dc27fb1859,65db0c100b1aa37831a6b5f5,1
65df9134436815dc27fb1859,65db0c0f0b1aa37831a6b5f3,1
65df919f436815dc27fb1921,65db0c0f0b1aa37831a6b5f1,1
65df919f436815dc27fb1921,65db0c0f0b1aa37831a6b5ef,1
65df919f436815dc27fb1921,65db0c0e0b1aa37831a6b5ed,1
65df919f436815dc27fb1921,65db0c0e0b1aa37831a6b5eb,1
65df919f436815dc27fb1921,65db0c0d0b1aa37831a6b5e9,1
65df919f436815dc27fb1921,65db0c0d0b1aa37831a6b5e7,1
65df919f436815dc27fb1921,65db0c0d0b1aa37831a6b5e5,1
65df919f436815dc27fb1921,65db0c0c0b1aa37831a6b5e3,1
65df919f436815dc27fb1921,65db0c0c0b1aa37831a6b5e1,1
